{"cameraMode":{"drawMode":0,"name":"Shaded","section":"Shading Mode"},"sceneLighting":true,"audioPlay":false,"sceneViewState":{"m_AlwaysRefresh":false,"showFog":true,"showSkybox":true,"showFlares":true,"showImageEffects":true,"showParticleSystems":true,"showVisualEffectGraphs":true,"m_FxEnabled":true},"in2DMode":false,"pivot":{"x":3.0561342239379885,"y":0.9486303329467773,"z":0.08241415023803711},"rotation":{"x":0.2106999307870865,"y":0.5172157287597656,"z":-0.1333727389574051,"w":0.8188238143920898},"size":10.240306854248047,"orthographic":false}