{"cameraMode":{"drawMode":0,"name":"Shaded","section":"Shading Mode"},"sceneLighting":true,"audioPlay":false,"sceneViewState":{"m_AlwaysRefresh":false,"showFog":true,"showSkybox":true,"showFlares":true,"showImageEffects":true,"showParticleSystems":true,"showVisualEffectGraphs":true,"m_FxEnabled":true},"in2DMode":false,"pivot":{"x":0.12190037965774536,"y":0.009358704090118409,"z":250.35137939453126},"rotation":{"x":0.1077733039855957,"y":-0.16531695425510407,"z":0.01813650317490101,"w":0.980215311050415},"size":2.225999116897583,"orthographic":false}