{"cameraMode":{"drawMode":0,"name":"Shaded","section":"Shading Mode"},"sceneLighting":true,"audioPlay":false,"sceneViewState":{"m_AlwaysRefresh":false,"showFog":true,"showSkybox":true,"showFlares":true,"showImageEffects":true,"showParticleSystems":true,"showVisualEffectGraphs":true,"m_FxEnabled":true},"in2DMode":false,"pivot":{"x":673.9863891601563,"y":328.0564270019531,"z":141.53326416015626},"rotation":{"x":0.00039397168438881636,"y":-0.9996334314346314,"z":0.018305163830518724,"w":0.021601682528853418},"size":261.8416748046875,"orthographic":false}