{"cameraMode":{"drawMode":0,"name":"Shaded","section":"Shading Mode"},"sceneLighting":true,"audioPlay":false,"sceneViewState":{"m_AlwaysRefresh":false,"showFog":true,"showSkybox":true,"showFlares":true,"showImageEffects":true,"showParticleSystems":true,"showVisualEffectGraphs":true,"m_FxEnabled":true},"in2DMode":false,"pivot":{"x":7.817922592163086,"y":4.477832794189453,"z":3.191896438598633},"rotation":{"x":-0.18670883774757386,"y":-0.0023599492851644756,"z":0.0004494567110668868,"w":-0.9824217557907105},"size":18.387035369873048,"orthographic":false}