{"cameraMode":{"drawMode":0,"name":"Shaded","section":"Shading Mode"},"sceneLighting":true,"audioPlay":false,"sceneViewState":{"m_AlwaysRefresh":false,"showFog":true,"showSkybox":true,"showFlares":true,"showImageEffects":true,"showParticleSystems":true,"showVisualEffectGraphs":true,"m_FxEnabled":true},"in2DMode":false,"pivot":{"x":16.079004287719728,"y":9.748558044433594,"z":-86.11741638183594},"rotation":{"x":-0.26279160380363467,"y":0.39439156651496889,"z":-0.11872275173664093,"w":-0.8725886344909668},"size":7.4214253425598148,"orthographic":false}