{"cameraMode":{"drawMode":0,"name":"Shaded","section":"Shading Mode"},"sceneLighting":false,"audioPlay":false,"sceneViewState":{"m_AlwaysRefresh":false,"showFog":true,"showSkybox":false,"showFlares":true,"showImageEffects":true,"showParticleSystems":true,"showVisualEffectGraphs":true,"m_FxEnabled":true},"in2DMode":false,"pivot":{"x":0.1695258617401123,"y":1.448502540588379,"z":-0.37545084953308108},"rotation":{"x":-0.26598459482192995,"y":-0.31098833680152895,"z":0.0911661684513092,"w":-0.9079265594482422},"size":2.0010530948638918,"orthographic":false}