{"cameraMode":{"drawMode":0,"name":"Shaded","section":"Shading Mode"},"sceneLighting":false,"audioPlay":false,"sceneViewState":{"m_AlwaysRefresh":false,"showFog":false,"showSkybox":false,"showFlares":false,"showImageEffects":false,"showParticleSystems":false,"showVisualEffectGraphs":true,"m_FxEnabled":true},"in2DMode":false,"pivot":{"x":0.00000286102294921875,"y":3.623394012451172,"z":-0.33750081062316897},"rotation":{"x":-0.2984558343887329,"y":0.28343695402145388,"z":-0.09325888007879257,"w":-0.9066415429115295},"size":4.261649131774902,"orthographic":false}